MaxEsReturn,AverageAbsQYDiff,AverageAbsQ,Iteration,StdEsReturn,PolicyRegParamNorm,StdReturn,Epoch,AverageAbsY,MaxReturn,AverageAction,MinReturn,AveragePolicySurr,AverageQLoss,AverageQ,QFunRegParamNorm,AverageReturn,AverageEsReturn,AverageDiscountedReturn,MinEsReturn,AverageY
62999.2084341,66.2927105997,27.2535,9,6978.52665177,16.6618,7099.87093587,9,90.3330604315,70263.1419185,0.964963,50815.9311732,-40.4498,5846.06,25.7947,16.4057,59160.9753929,50197.0275986,4966.26261918,39927.809715,89.3035838206
54585.2970676,11.8177986252,74.6504,10,0.0,16.8294,21603.2708305,10,75.9403624806,117498.905642,1.0,53736.1019178,-76.5549,291.491,74.6481,23.6364,78970.9491057,54585.2970676,6782.92605592,54585.2970676,75.9394547532
