StdForwardProgress,MinForwardProgress,MinReturn,MaxForwardProgress,AverageAbsQ,StdReturn,AverageAction,AverageDiscountedReturn,PolicyRegParamNorm,MaxReturn,QFunRegParamNorm,MaxEsReturn,MinEsReturn,AverageEsReturn,AverageReturn,AverageAbsY,StdEsReturn,AverageQ,AverageY,Epoch,AverageAbsQYDiff,AverageForwardProgress,AverageQLoss,AveragePolicySurr
0.134988890203,-0.576439518084,-28.7675406444,0.344332749637,0.0914318,12.1692370866,0.999927,22.1154060097,17.0473,54.1076743879,14.6878,124.4723884,-13.0501286814,41.1474125551,30.1314604826,0.00793726655728,48.6520040984,0.0914318,-0.00663746436813,9,0.0981862174986,0.161361300452,0.0126334,-0.117409
0.153365346787,-0.592753949669,-27.6019509269,0.369710139747,0.00716424,13.3140166953,0.999977,17.7155722132,17.3034,52.738118484,14.9712,52.5150563118,0.180782036659,28.2275544891,23.0070865616,0.00618258669141,12.9737078911,-0.00168678,-0.00254113495844,10,0.00305934015265,0.0964091506738,0.000120794,0.000419236
0.161790791318,-0.575383132897,-32.8080176317,0.331073746655,0.00867984,13.4928868045,1.0,18.2103920327,17.4829,48.4616188822,15.1119,36.9259255527,7.80736006422,22.4303401412,24.2454256928,0.00890820665434,8.56248026719,0.0018363,0.00182074871304,11,0.00173082206393,0.100605385054,6.94774e-06,-0.00667396
0.131884523921,-0.582355873357,-29.1030086839,0.333737047777,0.0130715,11.9875581278,1.0,18.623655063,17.4836,47.6185280446,15.3265,31.4822542971,-3.83369739923,18.8529821012,24.9250029526,0.0131755272413,9.90436413895,0.0101543,0.0101481012617,12,0.00168211880864,0.116477466204,8.05568e-06,-0.0129615
0.121113616717,-0.527397436674,-32.2162202682,0.32778839349,0.0179571,11.5103831875,1.0,19.3907515928,17.4837,45.9927306536,15.5519,34.1725872305,-24.4053567928,14.198081775,25.9001081776,0.0180476209605,18.4028879654,0.0153568,0.0153448000014,13,0.00169307647826,0.126506190785,8.63375e-06,-0.0176868
