PolicyRegParamNorm,QFunRegParamNorm,MinReturn,AverageAbsQYDiff,AveragePolicySurr,MinEsReturn,AverageQLoss,Iteration,StdEsReturn,AverageAbsQ,AverageAbsY,MaxReturn,AverageDiscountedReturn,StdReturn,AverageQ,AverageReturn,AverageY,AverageAction,MaxEsReturn,AverageEsReturn,Epoch
11.2289,11.1297,9.0855599553,1.83242835668,-0.0136809,3.10851841736,3.82421,9,6.89704162014,0.282284,1.60002190485,9.34979095523,8.79309500259,0.047976731031,-0.232406,9.21731803252,1.60002190485,0.219395,60.0645209979,9.67850249787,9
12.3209,11.4442,5.09118944684,0.125352256159,-1.25667,2.4355642569,0.0580032,10,2.75136048484,1.1838,1.19620272038,5.41752676485,5.13479000651,0.0401336600151,1.17541,5.29582022638,1.185063218,0.999408,19.0757311331,4.96336046381,10
