AverageReturn,AverageAbsQ,MaxReturn,AverageQLoss,MinEsReturn,QFunRegParamNorm,MinReturn,AverageEsReturn,StdReturn,AverageAbsY,Epoch,MaxEsReturn,AverageAbsQYDiff,PolicyRegParamNorm,Iteration,AverageQ,AverageY,AverageDiscountedReturn,StdEsReturn,AverageAction,AveragePolicySurr
4999.69179413,0.0716097,5000.24705415,23.918,56.8240448991,nan,4998.79910767,147.815798146,0.451043116525,4.93311135781,9,492.85005132,4.86150170428,nan,9,0.0716097,4.93311135781,499.670208507,58.9756766529,nan,-0.074772
5000.30418541,7.44105,5000.66631129,7029.16,4999.01287827,nan,4999.31985654,4999.01287827,0.372483656391,4.90112179355,10,4999.01287827,11.9815891472,nan,10,-0.444445,4.89582987703,500.282599788,0.0,nan,-0.14872
5000.14286913,0.319291,5000.92956238,22.5836,4999.89749483,nan,4999.40329604,4999.89749483,0.492578695109,5.03257033997,11,4999.89749483,4.714607115,nan,11,0.319291,5.02715673906,500.12128351,0.0,nan,-0.319505
5000.13403359,0.589144,5000.92939404,21.8123,5000.2892965,nan,4999.30726915,5000.2892965,0.515805079199,5.22291391835,12,5000.2892965,4.6363934951,nan,12,0.589144,5.21897491374,500.112447962,0.0,nan,-0.589477
